ID,Trajectory,Learning Rate,Stacking Count,6(),4(),Best RMSE Loss,Time Taken,Epochs
1,9,0.0012,1,1,3,0.019340332302928084,64.765784740448,100
2,9,0.0012,1,1,4,0.021302454900058256,58.839720249176025,100
3,9,0.0012,1,1,5,0.022026250994232652,57.370288133621216,100
4,9,0.0012,1,2,2,0.006767870078335861,61.764585733413696,100
