Trajectory,NumSamples,Test_RMSE_b1,Test_RMSE_b2,Test_RMSE_b3,Test_RMSE_b4,AvgTest_RMSE,TrainedOn
Trajectory3,396,0.051079916029735384,0.11454895788541328,0.05924029041159131,0.12426763731164713,0.08728420040959678,Trajectory1
