ID,Trajectory,Learning Rate,Stacking Count,6(),4(),Best RMSE Loss,Time Taken,Epochs
0,1,0.0012,2,1,3,0.5968402538422224,69.19176030158997,75
0,1,0.0012,2,1,4,0.22045998207635725,132.13191604614258,75
0,1,0.0012,2,1,5,0.4357160789384285,131.85142040252686,75
