Trajectory ID,6(),4(),Learning Rate,Dropout Rate,Number of Hidden Neurons,Epochs,Stacking Count,Time Taken,Best RMSE
1,1,3,0.001,0.2,60,2,2,1.74,1.0238261746609008
1,1,3,0.0011,0.21000000000000002,80,7,3,5.91,0.9993566222212296
1,1,3,0.0012100000000000001,0.22050000000000003,100,12,4,10.47,0.9596232848369511
1,1,3,0.0013310000000000002,0.23152500000000004,120,17,5,15.16,0.9202321963025684
1,1,3,0.001,0.3,60,2,2,1.93,1.020865711659822
1,1,3,0.0011,0.315,80,7,3,5.27,0.9908678683244656
1,1,3,0.0012100000000000001,0.33075000000000004,100,12,4,9.4,0.9612184560765551
1,1,3,0.0013310000000000002,0.3472875000000001,120,17,5,13.52,0.9477194493426581
