ID,Trajectory,Learning Rate,Stacking Count,6(),4(),Best RMSE Loss,Time Taken,Epochs
0,1,0.0012,2,1,3,0.6790701813399251,76.15665340423584,75
0,1,0.0012,2,1,4,0.6144977124312055,68.32124423980713,75
0,1,0.0012,2,1,5,0.5332757318915711,58.33966398239136,75
