ID,Trajectory,Learning Rate,Stacking Count,6(),4(),Best RMSE Loss,Time Taken,Epochs
0,1,0.0012,2,1,3,0.6790701813399251,55.78395462036133,75
0,1,0.0012,2,1,4,0.5985378305265723,50.616384744644165,75
0,1,0.0012,2,1,5,0.6257234862567012,49.58667755126953,75
