{
    "trajectory": "Trajectory2",
    "is_training": true,
    "timestamp": "2025-06-04 15:05:57",
    "beam_rmse": {
        "b1": 0.1893801108205091,
        "b2": 0.9939343374994332,
        "b3": 0.24495930524798984,
        "b4": 0.10943206750182002
    },
    "velocity_rmse": {
        "V North": 0.028563239245982416,
        "V East": 0.9951691943397208,
        "V Down": 0.022782627853726457
    }
}