{
    "trajectory": "Trajectory3",
    "is_training": true,
    "timestamp": "2025-06-04 15:06:16",
    "beam_rmse": {
        "b1": 0.030319358700588373,
        "b2": 0.9939193183826542,
        "b3": 0.037088312541676764,
        "b4": 0.038918503654036825
    },
    "velocity_rmse": {
        "V North": 0.035201952350542534,
        "V East": 0.9952925168706735,
        "V Down": 0.01986421109216813
    }
}