{
    "beam_rmse": [
        0.37070881141381506,
        0.297957793176632,
        0.3965915865472512,
        0.2919840698150027
    ],
    "velocity_rmse": [
        0.5076104017904074,
        0.5181242716354103,
        0.13203760328721936
    ],
    "model_config": {
        "learning_rate": 0.001,
        "learning_rate_2": 0.001,
        "dropout_rate": 0.2,
        "hidden_neurons": 100,
        "num_layers": 2,
        "regularization": 0.1,
        "beam_fill_window": 3,
        "lipschitz_constant": 0.01,
        "num_past_beam_instances": 3,
        "num_imu_instances": 1,
        "partial_rmse": false,
        "missing_beam_probability": {
            "b1": 0.2,
            "b2": 0.15,
            "b3": 0.1,
            "b4": 0.05
        },
        "training_trajectories": [
            [
                "Trajectory1",
                100
            ],
            [
                "Trajectory2",
                100
            ],
            [
                "Trajectory3",
                100
            ],
            [
                "Trajectory4",
                100
            ],
            [
                "Trajectory5",
                100
            ],
            [
                "Trajectory6",
                100
            ],
            [
                "Trajectory7",
                100
            ],
            [
                "Trajectory8",
                100
            ],
            [
                "Trajectory9",
                100
            ],
            [
                "Trajectory10",
                100
            ],
            [
                "Trajectory11",
                100
            ],
            [
                "Trajectory12",
                100
            ]
        ],
        "testing_trajectories": [
            "Trajectory13"
        ]
    }
}