{
    "beam_rmse": [
        0.05220465862088787,
        0.13479449756363288,
        0.05179136591372423,
        0.1500557196414931
    ],
    "velocity_rmse": [
        0.402436728606045,
        0.20403578076178835,
        0.08584247749627727
    ],
    "model_config": {
        "learning_rate": 0.001,
        "learning_rate_2": 0.001,
        "dropout_rate": 0.2,
        "hidden_neurons": 100,
        "num_layers": 2,
        "regularization": 0.1,
        "beam_fill_window": 3,
        "lipschitz_constant": 0.01,
        "num_past_beam_instances": 3,
        "num_imu_instances": 1,
        "partial_rmse": false,
        "missing_beam_probability": {
            "b1": 0.2,
            "b2": 0.15,
            "b3": 0.1,
            "b4": 0.05
        },
        "training_trajectories": [
            [
                "Trajectory1",
                100
            ],
            [
                "Trajectory2",
                100
            ],
            [
                "Trajectory3",
                100
            ],
            [
                "Trajectory4",
                100
            ],
            [
                "Trajectory5",
                100
            ],
            [
                "Trajectory6",
                100
            ],
            [
                "Trajectory7",
                100
            ],
            [
                "Trajectory8",
                100
            ],
            [
                "Trajectory9",
                100
            ],
            [
                "Trajectory10",
                100
            ],
            [
                "Trajectory11",
                100
            ],
            [
                "Trajectory12",
                100
            ]
        ],
        "testing_trajectories": [
            "Trajectory13"
        ]
    }
}