{
    "trajectory": "Trajectory3",
    "is_training": true,
    "timestamp": "2025-06-04 15:06:54",
    "beam_rmse": {
        "b1": 0.02968068011772048,
        "b2": 0.9939193183826542,
        "b3": 0.05387100934743016,
        "b4": 0.056355946638915105
    },
    "velocity_rmse": {
        "V North": 0.05958622386857339,
        "V East": 0.9952653904540696,
        "V Down": 0.03644040616470877
    }
}