Component,RMSE
V North,0.017302468046953887
V East,0.04987978189793674
V Down,0.03836962445762054
