{
    "trajectory": "Trajectory1",
    "is_training": true,
    "timestamp": "2025-06-04 15:06:26",
    "beam_rmse": {
        "b1": 0.04242235729095833,
        "b2": 0.9940009035016969,
        "b3": 0.052751827894002776,
        "b4": 0.049372229413650784
    },
    "velocity_rmse": {
        "V North": 0.06373282696492295,
        "V East": 0.11367127338160653,
        "V Down": 0.048981036971940874
    }
}