Trajectory,NumSamples,Test_RMSE_b1,Test_RMSE_b2,Test_RMSE_b3,Test_RMSE_b4,AvgTest_RMSE,TrainedOn
Trajectory3,395,0.053484271878447356,0.11531063521906115,0.05947787898202309,0.12372532029136811,0.08799952659272492,Trajectory1
