Component,RMSE
V North,0.04072195922417769
V East,0.147867932028561
V Down,0.0864513148743605
