Component,RMSE
V North,0.9893302683111571
V East,0.9922788110889907
V Down,0.6884830116924288
