{
    "trajectory": "Trajectory2",
    "is_training": true,
    "timestamp": "2025-06-04 15:06:41",
    "beam_rmse": {
        "b1": 0.03738377243029658,
        "b2": 0.9939343374994332,
        "b3": 0.04172202704745806,
        "b4": 0.04373760657481525
    },
    "velocity_rmse": {
        "V North": 0.07699882017336779,
        "V East": 0.9948498132234519,
        "V Down": 0.09283197409963231
    }
}