{
    "trajectory": "Trajectory1",
    "is_training": true,
    "timestamp": "2025-06-04 15:05:37",
    "beam_rmse": {
        "b1": 0.05140234495957014,
        "b2": 0.06826441658502963,
        "b3": 0.05369937631006294,
        "b4": 0.051813409178759526
    },
    "velocity_rmse": {
        "V North": 0.0665800079890821,
        "V East": 0.1259513225724814,
        "V Down": 0.045622743577126146
    }
}